Clear,Clear
"Rain, Overcast","Rain, Overcast"
"Rain, Overcast","Rain, Overcast"
Partially cloudy,Partially cloudy
"Rain, Overcast","Rain, Overcast"
Partially cloudy,Partially cloudy
"Rain, Overcast","Rain, Overcast"
"Rain, Partially cloudy","Rain, Partially cloudy"
"Rain, Overcast","Rain, Overcast"
"Rain, Partially cloudy",Partially cloudy
Partially cloudy,"Rain, Partially cloudy"
"Rain, Partially cloudy","Rain, Partially cloudy"
"Rain, Partially cloudy","Rain, Partially cloudy"
Partially cloudy,Partially cloudy
"Rain, Overcast","Rain, Overcast"
Clear,Clear
"Rain, Partially cloudy","Rain, Partially cloudy"
"Rain, Partially cloudy","Rain, Partially cloudy"
"Rain, Overcast","Rain, Overcast"
"Rain, Partially cloudy","Rain, Partially cloudy"
"Rain, Overcast","Rain, Overcast"
"Rain, Overcast","Rain, Overcast"
"Rain, Partially cloudy","Rain, Partially cloudy"
"Rain, Overcast","Rain, Overcast"
Clear,Clear
"Rain, Partially cloudy","Rain, Partially cloudy"
"Rain, Partially cloudy","Rain, Partially cloudy"
"Rain, Overcast","Rain, Overcast"
"Rain, Partially cloudy","Rain, Partially cloudy"
"Rain, Partially cloudy","Rain, Partially cloudy"
"Rain, Partially cloudy","Rain, Partially cloudy"
"Rain, Partially cloudy",Partially cloudy
Partially cloudy,Partially cloudy
"Rain, Partially cloudy","Rain, Partially cloudy"
"Rain, Partially cloudy",Partially cloudy
Overcast,"Rain, Partially cloudy"
Clear,Partially cloudy
Overcast,"Rain, Overcast"
Partially cloudy,Clear
Clear,Partially cloudy
"Rain, Overcast","Rain, Overcast"
Partially cloudy,"Rain, Partially cloudy"
Clear,Clear
Partially cloudy,"Rain, Partially cloudy"
Clear,Clear
Partially cloudy,Partially cloudy
Partially cloudy,Partially cloudy
"Rain, Overcast","Rain, Overcast"
Overcast,Overcast
"Rain, Partially cloudy","Rain, Partially cloudy"
"Rain, Overcast","Rain, Overcast"
Partially cloudy,"Rain, Partially cloudy"
Clear,Clear
"Rain, Overcast","Rain, Overcast"
"Rain, Partially cloudy","Rain, Partially cloudy"
"Rain, Overcast","Rain, Overcast"
Partially cloudy,Partially cloudy
"Rain, Partially cloudy","Rain, Partially cloudy"
"Rain, Partially cloudy","Rain, Partially cloudy"
"Rain, Overcast","Rain, Overcast"
Clear,Clear
Partially cloudy,"Rain, Partially cloudy"
"Rain, Partially cloudy",Partially cloudy
"Rain, Partially cloudy","Rain, Partially cloudy"
Clear,Clear
Partially cloudy,"Rain, Partially cloudy"
Clear,Clear
Partially cloudy,Partially cloudy
Clear,Clear
"Rain, Partially cloudy","Rain, Partially cloudy"
"Rain, Partially cloudy","Rain, Partially cloudy"
Partially cloudy,Partially cloudy
"Rain, Partially cloudy",Partially cloudy
Partially cloudy,Partially cloudy
"Rain, Overcast","Rain, Overcast"
"Rain, Overcast","Rain, Overcast"
"Rain, Partially cloudy","Rain, Partially cloudy"
Clear,Clear
"Rain, Partially cloudy","Rain, Partially cloudy"
Clear,Clear
"Rain, Overcast","Rain, Overcast"
Overcast,"Rain, Overcast"
"Rain, Overcast","Rain, Overcast"
Partially cloudy,Partially cloudy
"Rain, Overcast","Rain, Overcast"
Clear,Clear
"Rain, Partially cloudy","Rain, Partially cloudy"
